protocol_id,run_id,engine,method,dataset,pred_len,seed,tifo_lr_scale,tifo_residual_alpha,epochs_ran,mse,mae,physical_gpu,dataset_sha256,log_file
kdd_resubmit_patchtst_ettm2_h336_h720_v1,coverage_patchtst_ettm2_h336_ori_s2021,native,PatchTST+ORI,ETTm2,336,2021,,,10,0.31532901525497437,0.35158830881118774,0,db973ca252c6410a30d0469b13d696cf919648d0f3fd588c60f03fdbdbadd1fd,/mnt/data1/park/TS/FredNormer/experiment_records/coverage_patchtst_ettm2_h336_ori_s2021/run.log
kdd_resubmit_patchtst_ettm2_h336_h720_v1,coverage_patchtst_ettm2_h336_ori_s2022,native,PatchTST+ORI,ETTm2,336,2022,,,6,0.3092844784259796,0.34775102138519287,2,db973ca252c6410a30d0469b13d696cf919648d0f3fd588c60f03fdbdbadd1fd,/mnt/data1/park/TS/FredNormer/experiment_records/coverage_patchtst_ettm2_h336_ori_s2022/run.log
kdd_resubmit_patchtst_ettm2_h336_h720_v1,coverage_patchtst_ettm2_h336_ori_s2023,native,PatchTST+ORI,ETTm2,336,2023,,,8,0.3102366626262665,0.34958064556121826,4,db973ca252c6410a30d0469b13d696cf919648d0f3fd588c60f03fdbdbadd1fd,/mnt/data1/park/TS/FredNormer/experiment_records/coverage_patchtst_ettm2_h336_ori_s2023/run.log
kdd_resubmit_patchtst_ettm2_h336_h720_v1,coverage_patchtst_ettm2_h336_tifo_s2021,native,PatchTST+TIFO[historical],ETTm2,336,2021,,,8,0.3051894009113312,0.3453986346721649,1,db973ca252c6410a30d0469b13d696cf919648d0f3fd588c60f03fdbdbadd1fd,/mnt/data1/park/TS/FredNormer/experiment_records/coverage_patchtst_ettm2_h336_tifo_s2021/run.log
kdd_resubmit_patchtst_ettm2_h336_h720_v1,coverage_patchtst_ettm2_h336_tifo_s2022,native,PatchTST+TIFO[historical],ETTm2,336,2022,,,11,0.30756935477256775,0.3471740782260895,3,db973ca252c6410a30d0469b13d696cf919648d0f3fd588c60f03fdbdbadd1fd,/mnt/data1/park/TS/FredNormer/experiment_records/coverage_patchtst_ettm2_h336_tifo_s2022/run.log
kdd_resubmit_patchtst_ettm2_h336_h720_v1,coverage_patchtst_ettm2_h336_tifo_s2023,native,PatchTST+TIFO[historical],ETTm2,336,2023,,,8,0.3043792247772217,0.3438085913658142,5,db973ca252c6410a30d0469b13d696cf919648d0f3fd588c60f03fdbdbadd1fd,/mnt/data1/park/TS/FredNormer/experiment_records/coverage_patchtst_ettm2_h336_tifo_s2023/run.log
kdd_resubmit_patchtst_ettm2_h336_h720_v1,coverage_patchtst_ettm2_h720_ori_s2021,native,PatchTST+ORI,ETTm2,720,2021,,,8,0.4158364534378052,0.41060128808021545,6,db973ca252c6410a30d0469b13d696cf919648d0f3fd588c60f03fdbdbadd1fd,/mnt/data1/park/TS/FredNormer/experiment_records/coverage_patchtst_ettm2_h720_ori_s2021/run.log
kdd_resubmit_patchtst_ettm2_h336_h720_v1,coverage_patchtst_ettm2_h720_ori_s2022,native,PatchTST+ORI,ETTm2,720,2022,,,8,0.4182564616203308,0.41265925765037537,0,db973ca252c6410a30d0469b13d696cf919648d0f3fd588c60f03fdbdbadd1fd,/mnt/data1/park/TS/FredNormer/experiment_records/coverage_patchtst_ettm2_h720_ori_s2022/run.log
kdd_resubmit_patchtst_ettm2_h336_h720_v1,coverage_patchtst_ettm2_h720_ori_s2023,native,PatchTST+ORI,ETTm2,720,2023,,,8,0.4163050353527069,0.4122547209262848,2,db973ca252c6410a30d0469b13d696cf919648d0f3fd588c60f03fdbdbadd1fd,/mnt/data1/park/TS/FredNormer/experiment_records/coverage_patchtst_ettm2_h720_ori_s2023/run.log
kdd_resubmit_patchtst_ettm2_h336_h720_v1,coverage_patchtst_ettm2_h720_tifo_s2021,native,PatchTST+TIFO[historical],ETTm2,720,2021,,,11,0.3990592360496521,0.39775413274765015,7,db973ca252c6410a30d0469b13d696cf919648d0f3fd588c60f03fdbdbadd1fd,/mnt/data1/park/TS/FredNormer/experiment_records/coverage_patchtst_ettm2_h720_tifo_s2021/run.log
kdd_resubmit_patchtst_ettm2_h336_h720_v1,coverage_patchtst_ettm2_h720_tifo_s2022,native,PatchTST+TIFO[historical],ETTm2,720,2022,,,10,0.3993857800960541,0.3988187909126282,1,db973ca252c6410a30d0469b13d696cf919648d0f3fd588c60f03fdbdbadd1fd,/mnt/data1/park/TS/FredNormer/experiment_records/coverage_patchtst_ettm2_h720_tifo_s2022/run.log
kdd_resubmit_patchtst_ettm2_h336_h720_v1,coverage_patchtst_ettm2_h720_tifo_s2023,native,PatchTST+TIFO[historical],ETTm2,720,2023,,,10,0.39817044138908386,0.3969677984714508,3,db973ca252c6410a30d0469b13d696cf919648d0f3fd588c60f03fdbdbadd1fd,/mnt/data1/park/TS/FredNormer/experiment_records/coverage_patchtst_ettm2_h720_tifo_s2023/run.log
kdd_resubmit_ettm2_h192_two_backbones_gate_v1,gate_ettm2_h192_itransformer_ori_s2021,native,iTransformer+ORI,ETTm2,192,2021,,,6,0.2528223991394043,0.3124987781047821,0,db973ca252c6410a30d0469b13d696cf919648d0f3fd588c60f03fdbdbadd1fd,/mnt/data1/park/TS/FredNormer/experiment_records/gate_ettm2_h192_itransformer_ori_s2021/run.log
kdd_resubmit_ettm2_h192_two_backbones_gate_v1,gate_ettm2_h192_itransformer_ori_s2022,native,iTransformer+ORI,ETTm2,192,2022,,,6,0.2519347369670868,0.3122735917568207,2,db973ca252c6410a30d0469b13d696cf919648d0f3fd588c60f03fdbdbadd1fd,/mnt/data1/park/TS/FredNormer/experiment_records/gate_ettm2_h192_itransformer_ori_s2022/run.log
kdd_resubmit_ettm2_h192_two_backbones_gate_v1,gate_ettm2_h192_itransformer_ori_s2023,native,iTransformer+ORI,ETTm2,192,2023,,,6,0.25380271673202515,0.31358984112739563,4,db973ca252c6410a30d0469b13d696cf919648d0f3fd588c60f03fdbdbadd1fd,/mnt/data1/park/TS/FredNormer/experiment_records/gate_ettm2_h192_itransformer_ori_s2023/run.log
kdd_resubmit_ettm2_h192_two_backbones_gate_v1,gate_ettm2_h192_itransformer_tifo_s2021,native,iTransformer+TIFO[historical],ETTm2,192,2021,,,6,0.2509032189846039,0.3117217719554901,1,db973ca252c6410a30d0469b13d696cf919648d0f3fd588c60f03fdbdbadd1fd,/mnt/data1/park/TS/FredNormer/experiment_records/gate_ettm2_h192_itransformer_tifo_s2021/run.log
kdd_resubmit_ettm2_h192_two_backbones_gate_v1,gate_ettm2_h192_itransformer_tifo_s2022,native,iTransformer+TIFO[historical],ETTm2,192,2022,,,6,0.25418180227279663,0.31394580006599426,3,db973ca252c6410a30d0469b13d696cf919648d0f3fd588c60f03fdbdbadd1fd,/mnt/data1/park/TS/FredNormer/experiment_records/gate_ettm2_h192_itransformer_tifo_s2022/run.log
kdd_resubmit_ettm2_h192_two_backbones_gate_v1,gate_ettm2_h192_itransformer_tifo_s2023,native,iTransformer+TIFO[historical],ETTm2,192,2023,,,6,0.25107014179229736,0.3114084005355835,5,db973ca252c6410a30d0469b13d696cf919648d0f3fd588c60f03fdbdbadd1fd,/mnt/data1/park/TS/FredNormer/experiment_records/gate_ettm2_h192_itransformer_tifo_s2023/run.log
kdd_resubmit_ettm2_h192_two_backbones_gate_v1,gate_ettm2_h192_patchtst_ori_s2021,native,PatchTST+ORI,ETTm2,192,2021,,,8,0.24731235206127167,0.30829355120658875,6,db973ca252c6410a30d0469b13d696cf919648d0f3fd588c60f03fdbdbadd1fd,/mnt/data1/park/TS/FredNormer/experiment_records/gate_ettm2_h192_patchtst_ori_s2021/run.log
kdd_resubmit_ettm2_h192_two_backbones_gate_v1,gate_ettm2_h192_patchtst_ori_s2022,native,PatchTST+ORI,ETTm2,192,2022,,,8,0.2500847280025482,0.3099791705608368,0,db973ca252c6410a30d0469b13d696cf919648d0f3fd588c60f03fdbdbadd1fd,/mnt/data1/park/TS/FredNormer/experiment_records/gate_ettm2_h192_patchtst_ori_s2022/run.log
kdd_resubmit_ettm2_h192_two_backbones_gate_v1,gate_ettm2_h192_patchtst_ori_s2023,native,PatchTST+ORI,ETTm2,192,2023,,,7,0.24681739509105682,0.30845528841018677,2,db973ca252c6410a30d0469b13d696cf919648d0f3fd588c60f03fdbdbadd1fd,/mnt/data1/park/TS/FredNormer/experiment_records/gate_ettm2_h192_patchtst_ori_s2023/run.log
kdd_resubmit_ettm2_h192_two_backbones_gate_v1,gate_ettm2_h192_patchtst_tifo_s2021,native,PatchTST+TIFO[historical],ETTm2,192,2021,,,10,0.24215397238731384,0.3027884066104889,7,db973ca252c6410a30d0469b13d696cf919648d0f3fd588c60f03fdbdbadd1fd,/mnt/data1/park/TS/FredNormer/experiment_records/gate_ettm2_h192_patchtst_tifo_s2021/run.log
kdd_resubmit_ettm2_h192_two_backbones_gate_v1,gate_ettm2_h192_patchtst_tifo_s2022,native,PatchTST+TIFO[historical],ETTm2,192,2022,,,9,0.24372659623622894,0.30375802516937256,1,db973ca252c6410a30d0469b13d696cf919648d0f3fd588c60f03fdbdbadd1fd,/mnt/data1/park/TS/FredNormer/experiment_records/gate_ettm2_h192_patchtst_tifo_s2022/run.log
kdd_resubmit_ettm2_h192_two_backbones_gate_v1,gate_ettm2_h192_patchtst_tifo_s2023,native,PatchTST+TIFO[historical],ETTm2,192,2023,,,10,0.24287879467010498,0.30379894375801086,3,db973ca252c6410a30d0469b13d696cf919648d0f3fd588c60f03fdbdbadd1fd,/mnt/data1/park/TS/FredNormer/experiment_records/gate_ettm2_h192_patchtst_tifo_s2023/run.log
kdd_resubmit_patchtst_ettm2_h96_gate_v1,gate_patchtst_ettm2_h96_ori_s2021,native,PatchTST+ORI,ETTm2,96,2021,,,8,0.18115156888961792,0.2636709213256836,0,db973ca252c6410a30d0469b13d696cf919648d0f3fd588c60f03fdbdbadd1fd,/mnt/data1/park/TS/FredNormer/experiment_records/gate_patchtst_ettm2_h96_ori_s2021/run.log
kdd_resubmit_patchtst_ettm2_h96_gate_v1,gate_patchtst_ettm2_h96_ori_s2022,native,PatchTST+ORI,ETTm2,96,2022,,,7,0.18296264111995697,0.2671043872833252,2,db973ca252c6410a30d0469b13d696cf919648d0f3fd588c60f03fdbdbadd1fd,/mnt/data1/park/TS/FredNormer/experiment_records/gate_patchtst_ettm2_h96_ori_s2022/run.log
kdd_resubmit_patchtst_ettm2_h96_gate_v1,gate_patchtst_ettm2_h96_ori_s2023,native,PatchTST+ORI,ETTm2,96,2023,,,8,0.1831572949886322,0.26543131470680237,4,db973ca252c6410a30d0469b13d696cf919648d0f3fd588c60f03fdbdbadd1fd,/mnt/data1/park/TS/FredNormer/experiment_records/gate_patchtst_ettm2_h96_ori_s2023/run.log
kdd_resubmit_patchtst_ettm2_h96_gate_v1,gate_patchtst_ettm2_h96_tifo_s2021,native,PatchTST+TIFO[historical],ETTm2,96,2021,,,8,0.17513982951641083,0.25794437527656555,1,db973ca252c6410a30d0469b13d696cf919648d0f3fd588c60f03fdbdbadd1fd,/mnt/data1/park/TS/FredNormer/experiment_records/gate_patchtst_ettm2_h96_tifo_s2021/run.log
kdd_resubmit_patchtst_ettm2_h96_gate_v1,gate_patchtst_ettm2_h96_tifo_s2022,native,PatchTST+TIFO[historical],ETTm2,96,2022,,,9,0.176865354180336,0.2599112391471863,3,db973ca252c6410a30d0469b13d696cf919648d0f3fd588c60f03fdbdbadd1fd,/mnt/data1/park/TS/FredNormer/experiment_records/gate_patchtst_ettm2_h96_tifo_s2022/run.log
kdd_resubmit_patchtst_ettm2_h96_gate_v1,gate_patchtst_ettm2_h96_tifo_s2023,native,PatchTST+TIFO[historical],ETTm2,96,2023,,,10,0.17723405361175537,0.25999772548675537,5,db973ca252c6410a30d0469b13d696cf919648d0f3fd588c60f03fdbdbadd1fd,/mnt/data1/park/TS/FredNormer/experiment_records/gate_patchtst_ettm2_h96_tifo_s2023/run.log
